19494	494715	2016-04-22	1	pendente		9398	Saiba quais os bens não podem ser penhorados para pagar dívidas
20523	315525	2017-07-12	1	pendente		11307	Cobranças de dívidas por telefone. Dicas do que fazer!
11343	292095	2017-05-05	1	pendente		7316	Fazer o devedor passar vergonha é crime
20998	161561	2015-11-14	1	pendente	Patricia Alves 	50762	Fiador e avalista: entenda as diferenças entre estas duas formas de garantia
36312	92839	2013-08-01	1	pendente	Ricardo Lima Camilo	15961	Procon Responde: TV por assinatura 
45724	65521	2016-10-18	1	pendente		2858	Saiba a diferença entre os prefixos 0300, 0500, 0800 e 0900 
32982	54703	2012-07-01	1	pendente		14471	STJ define em quais situações o dano moral pode ser presumido
20730	48624	2008-05-05	1	pendente		4793	TAC: Saiba mais sobre a proibição da cobrança desta taxa ilegal e como recuperar nos contratos já feitos
32466	40250	2012-04-30	1	pendente	CAROLINA MATOS e TONI SCIARRETTA	3699	Saiba como bancos decidem se clientes merecem crédito 
51968	35156	2019-09-20	1	pendente	Altieres Rohr	10857	O que fazer se receber mensagens de verificação do WhatsApp sem ter solicitado a ativação do número?
53696	33630	2020-10-09	1	pendente	Altieres Rohr	10649	WhatsApp e linha cancelada: o novo dono do número poderá ver suas mensagens?
34473	31078	2015-11-12	1	pendente		3496	Procon-SP lista 440 sites que devem ser evitados para compras na internet
49173	29774	2018-04-23	1	pendente	MARTHA IMENES	2896	INSS pode suspender auxílio-doença
46725	27881	2017-03-13	1	pendente	Martha Imenes	8665	Serviços do INSS agora podem ser feitos pela Internet
51559	27299	2019-07-15	1	pendente	 Larissa Esposito	7020	O que fazer caso a lista 'Não Perturbe' não funcione? Confira dicas
36746	25889	2013-09-19	1	pendente		9806	Direitos desconhecidos mas que são garantidos ao consumidor
50285	25237	2018-10-19	1	pendente	Altieres Rohr	130066	O que fazer se o WhatsApp foi invadido e a verificação de duas etapas foi ativada?
53633	25193	2020-09-29	1	pendente	Altieres Rohr	5825	É possível rastrear a localização de onde mensagens do WhatsApp foram enviadas mesmo se o celular não tiver chip?
51214	24764	2019-05-13	1	pendente	Ronaldo Prass	3680	Como remover o perfil do Facebook Dating?
11	23738	2015-11-13	1	pendente	Gilberto Braga	2675	Gilberto Braga: Comer fora pesa mais no bolso
51810	22437	2019-08-28	1	pendente	Eduardo Brandão	3535	Lei garante que consumidor possa escolher data do vencimento de suas contas
8	22086	2015-11-13	1	pendente		3410	Como desfrutar do ar condicionado em casa sem perder de vista o consumo racional 
33121	21812	2012-07-15	1	pendente		29951	Alienação fiduciária: o que o STJ tem decidido sobre o tema 
23579	20307	2012-08-15	1	pendente		21399	Tudo o que você queria saber sobre a comissão de permanência e tinha medo de perguntar
45500	19772	2016-09-20	1	pendente		4387	Matriculou e desistiu? Saiba seus direitos!
43459	19194	2015-11-13	1	pendente	Alexandre Versignassi, Maurício Horta	12763	O que os bancos fazem para te deixar no vermelho
15943	18285	2015-11-20	1	pendente		8322	É possível cancelar cartão de crédito e cheque especial mesmo com dívidas!
45241	17304	2016-08-17	1	pendente		2480	Dicas para ficar seguro ao fazer compras pelo telefone 
47199	16950	2017-05-11	1	pendente		5251	Procon orienta consumidor sobre novas regras de cancelamento de planos de saúde
45721	15591	2016-10-17	1	pendente	Guilherme de Souza	3161	A instituição de ensino pode incluir seu nome no SERASA?
47481	15199	2017-06-14	1	pendente	Júlia Lewgoy	8575	Como checar sua pontuação de crédito e o que ela diz sobre você 
38855	15122	2014-07-16	1	pendente		2045	Constrangimento por cobrança indevida gera indenização por danos morais
49837	14844	2018-08-07	1	pendente	Larissa Quintino 	4145	 Saiba quando vale quitar a dívida com INSS e aposentar 
43990	14771	2016-03-21	1	pendente	Maria Inês Dolci	1536	Mesmo sem lista troca de produto essencial deve ser imediata
36313	12794	2013-08-02	1	pendente		7195	Diferenças entre Pirâmide e Marketing Multinível: o que você precisa saber
23	12508	2015-11-13	1	pendente		172311	Juros do cartão de crédito atingem em outubro 368% ao ano, afirma Anefac
334	12230	2015-12-11	1	pendente	Gustavo Mause	4458	Franquia virtual é opção barata para trabalhar em casa
115	12189	2015-11-20	1	pendente		11892	8 percepções venenosas que você tem sobre dinheiro 
47213	12076	2017-05-12	1	pendente		4397	Justiça condena pastor e fiel que fizeram fofoca  
368	11439	2015-12-16	1	pendente		1556	Câmara aprova medida que aumenta tributação de bebidas e eletrônicos
47077	11182	2017-04-25	1	pendente		3451	Endividado pode antecipar restituição de Imposto de Renda
50092	10993	2018-09-18	1	pendente	MARTHA IMENES	8061	Como se prevenir para evitar o corte do benefício pelo INSS
30490	10849	2011-09-30	1	pendente		2628	Comissão aprova projeto que define limite para cobrança de dívida
48051	10841	2017-08-24	1	pendente	MARTHA IMENES	3453	Veja como conferir quem teve benefício cancelado
46723	10404	2017-03-13	1	pendente	Martha Imenes	5377	Revisão do INSS na Justiça garante aumento de até 40% no benefício
215	10370	2015-12-01	1	pendente		738562	Pesquisa mostra pegadinhas da Black Friday 
53832	10357	2020-11-06	1	pendente	MARINA CARDOSO	915	Supermercados e açougues no Rio não podem mais cobrar para moer carne ou fatiar frios
47496	10129	2017-06-16	1	pendente		1565	Luz e água não vão poder ser cortadas por falta de pagamento
53936	10116	2020-11-25	1	pendente	Altieres Rohr	14633	É preciso trocar o chip do celular se o aparelho for contaminado com vírus?
38708	10060	2014-06-27	1	pendente	RENATA AGOSTINI	3590	Governo lança site para queixa de consumidor
44824	9747	2016-06-22	1	pendente		2705	 Academia é condenada a devolver mensalidades cobradas indevidamente 
367	9497	2015-12-16	1	pendente		6366	Conta de luz pode aumentar para pagar socorro a distribuidoras
222	9494	2015-12-01	1	pendente	GIULIANA VALLONE	4147	Desinformação sobre previdência pode gerar surpresas negativas
46829	9284	2017-03-24	1	pendente		3403	Operadora Oi é condenada a pagar R$ 6 mil por negativar nome de cliente indevidamente
379	9280	2015-12-17	1	pendente	 FELIPE MAIA	7176	Veja opções para contornar bloqueio de 48 horas do WhatsApp
45188	8993	2016-08-11	1	pendente		6527	Gás de cozinha: 11 dicas para garantir os seus direitos e segurança 
46730	8915	2017-03-13	1	pendente	Bruno Dutra	245076	Conheça os dez direitos de quem está com o nome sujo; saiba como evitar abusos
46240	8740	2016-12-20	1	pendente	CRISTIANE GERCINA e LUCIANA LAZARINI	162227	Tire 50 dúvidas sobre aposentadoria e reforma da Previdência
440	8407	2016-01-05	1	pendente		3801	Confira as frutas, verduras e os legumes que ficam mais baratos e mais caros este mês 
48448	8303	2017-11-14	1	pendente	Martha Imenes	7383	INSS busca segurado para fazer acordo na Justiça
12	8275	2015-11-13	1	pendente	Américo Wisbeck, Ângelo Medeiros, Daniela Pacheco Costa, Maria Fernanda Martins e Sandra de Araujo	1694	Consumidora é condenada por usar má-fé em busca de dano moral contra supermercado
228	8150	2015-12-01	1	pendente	Ronaldo Gotlib	4357	Quando a dívida pode levar o banco a penhorar os meus bens? 
47379	8051	2017-06-01	1	pendente		3780	Veja 6 dicas para parar de trabalhar e viver de renda
48540	8045	2017-11-28	1	pendente		1842	BC muda regras e cheques deverão ser compensados em até um dia útil
45837	7998	2016-11-01	1	pendente		2836	Cansado de receber ligações de cobrança? Saiba o que fazer
45181	7951	2016-08-11	1	pendente		4767	Agências dão golpe do emprego ao exigir curso pago para garantir vaga 
47897	7865	2017-08-03	1	pendente	 Cristiano Duarte	5354	Aposentados e pensionistas do INSS reclamam de cobrança indevida na folha de pagamento
50787	7849	2019-02-13	1	pendente	Martha Imenes	3548	Justiça reconhece reaposentação e benefício do INSS sobe 74,35%
50678	7832	2018-12-28	1	pendente		480	Estamos entrando em Férias. 
5	7831	2015-11-13	1	pendente		1642	Shopping é condenado a pagar indenização de R$ 10 mil por acidente em escada rolante 
50302	7751	2018-10-24	1	pendente		2701	Enel é condenada a pagar R$ 7 mil por negativar nome de cliente indevidamente
46529	7735	2017-02-14	1	pendente		2957	Vivo é condenada a pagar R$ 10 mil por incluir indevidamente nome de cliente no Serasa
53465	7723	2020-08-13	1	pendente	Letícia Sé	2436	Golpe da Claro-Net: criminosos fingem ser prestadores de serviço 
44442	7705	2016-05-09	1	pendente		3042	Prazo de entrega não cumprido é crime de estelionato contra o consumidor
45210	7630	2016-08-15	1	pendente		6235	Descubra como conservar os tecidos e fazer suas roupas durarem mais 
45055	7600	2016-07-27	1	pendente	Bianca Reis	3348	O que perguntar antes de contratar serviços de internet móvel, banda larga e telefonia?
48752	7599	2018-02-14	1	pendente		3255	 Renner deve indenizar advogada que teve nome negativado indevidamente
45712	7547	2016-10-17	1	pendente		5004	Loja Shop Az Eletro dá golpe em consumidores que procuram receptores
234	7432	2015-12-02	1	pendente		2815	STJ condena Carta Capital a indenizar em R$ 90 mil instituto por matéria jornalística ofensiva
267	7349	2015-12-07	1	pendente		2497	MRV pode ter que pagar R$ 28 milhões de indenização por atraso em obra 
45759	7334	2016-10-21	1	pendente		4473	Paciente com câncer tem direitos especiais
45934	7287	2016-11-11	1	pendente		3823	Cuidados ao abrir e encerrar uma conta bancária 
45923	7205	2016-11-10	1	pendente		10173	Consumidor pode renegociar dívidas atrasadas com desconto
44594	7163	2016-05-24	1	pendente		8148	Conheça seus direitos na hora de renegociar as dívidas 
56260	6975	2022-08-18	1	pendente		10666	Veja 22 plataformas para procurar trabalho remoto e freelance
46664	6825	2017-03-06	1	pendente		5113	Saiba os direitos do consumidor em roubos e furtos dentro de eventos
362	6765	2015-12-15	1	pendente	PALOMA SAVEDRA	7623	Veja como começar 2016 no azul
44976	6709	2016-07-09	1	pendente		15458	7 Erros &quot;Imperdoáveis&quot; que você não sabia que estava cometendo ao fazer o seu recurso de multa de trânsito! 
49475	6674	2018-06-14	1	pendente		4863	Saiba como consultar o saldo do PIS, cujo saque foi autorizado
45162	6646	2016-08-08	1	pendente		2511	Consumidora que teve nome negativado sem aviso prévio será indenizada
432	6637	2016-01-04	1	pendente		3201	Dilma sanciona LDO de 2016 com vetos a reajuste do Bolsa Família
46929	6570	2017-04-05	1	pendente		4451	Caixa publica regras para uso do FGTS como garantia em empréstimo consignado
48258	6531	2017-10-17	1	pendente	POLLYANA BRÊTAS	6616	Operadoras cancelam planos de telefonia e transferem clientes para pacotes mais caros
447	6518	2016-01-05	1	pendente		1750	Mercado piora expectativas para inflação e PIB em 2016
44917	6503	2016-04-27	1	pendente		3704	STJ: Inscrição indevida feita por credor não gera dano moral se preexiste anotação legítima
53503	6425	2020-09-04	1	pendente	Altieres Rohr	14959	É normal o WhatsApp pedir a confirmação em duas etapas várias vezes?
46902	6423	2017-04-03	1	pendente	Cleide Silva 	4235	Com novas regras, venda de carro para deficientes dispara
411	6415	2015-12-23	1	pendente		2068	FGV: Expectativa do consumidor para a inflação sobe a 11% em dezembro 
148	6412	2015-11-24	1	pendente		3148	Carro, táxi, Uber ou Zazcar: calculadora mostra o que vale a pena
46669	6407	2017-03-06	1	pendente	 IONE LUQUES  e LUCIANA CASEMIRO	8779	Do nojo à ação: o que fazer com ‘corpo estranho’ nos alimentos
